City_ID,City,Country,Date,Lat,Lng,Max Temp,Humidity,Cloudiness,Wind Speed
0,Puerto Ayora,EC,2022-07-19 02:47:27,-0.7393,-90.3518,68.56,94,65,3.0
1,Fairmont,US,2022-07-19 02:43:30,39.4851,-80.1426,72.77,93,97,3.83
2,Esperance,AU,2022-07-19 02:47:28,-33.8667,121.9,59.02,74,5,6.73
3,Kruisfontein,ZA,2022-07-19 02:47:28,-34.0033,24.7314,52.88,92,50,4.43
4,Hermanus,ZA,2022-07-19 02:47:28,-34.4187,19.2345,52.81,80,99,6.11
5,Skibbereen,IE,2022-07-19 02:47:04,51.55,-9.2667,65.1,91,100,4.92
6,Novocheremshansk,RU,2022-07-19 02:47:29,54.3571,50.1666,66.07,95,74,9.86
7,Carnarvon,AU,2022-07-19 02:47:29,-24.8667,113.6333,69.57,43,0,11.16
8,Rikitea,PF,2022-07-19 02:47:00,-23.1203,-134.9692,74.41,77,3,11.92
9,Bluff,NZ,2022-07-19 02:47:30,-46.6,168.3333,45.81,69,96,15.68
10,Dikson,RU,2022-07-19 02:47:30,73.5069,80.5464,45.59,79,39,15.5
11,Aksha,RU,2022-07-19 02:47:31,50.2814,113.2867,84.16,33,2,4.92
12,Butaritari,KI,2022-07-19 02:47:31,3.0707,172.7902,82.4,73,61,17.94
13,Ushuaia,AR,2022-07-19 02:46:57,-54.8,-68.3,33.46,93,75,9.22
14,Olafsvik,IS,2022-07-19 02:42:56,64.8945,-23.7142,52.81,78,100,8.75
15,Domoni,KM,2022-07-19 02:47:32,-12.2569,44.5319,73.49,73,29,13.31
16,Penzance,GB,2022-07-19 02:47:32,50.1186,-5.5371,66.88,79,99,6.35
17,Cabo San Lucas,MX,2022-07-19 02:47:33,22.8909,-109.9124,87.62,69,0,1.01
18,Malinovskiy,RU,2022-07-19 02:47:33,61.1953,62.8397,71.46,57,2,2.66
19,Cape Town,ZA,2022-07-19 02:47:34,-33.9258,18.4232,55.9,79,20,11.5
20,Mahebourg,MU,2022-07-19 02:47:34,-20.4081,57.7,69.26,73,40,17.27
21,Dongying,CN,2022-07-19 02:47:34,37.4564,118.4856,89.33,43,99,4.45
22,Cansancao,BR,2022-07-19 02:47:35,-10.6672,-39.4992,66.9,97,97,6.53
23,New Norfolk,AU,2022-07-19 02:47:35,-42.7826,147.0587,48.92,59,26,1.07
24,Jamestown,US,2022-07-19 02:47:36,42.097,-79.2353,71.19,91,20,10.36
25,Arraial Do Cabo,BR,2022-07-19 02:44:59,-22.9661,-42.0278,69.42,91,100,15.43
26,Olavarria,AR,2022-07-19 02:45:36,-36.8927,-60.3225,41.02,64,13,4.79
27,Sechura,PE,2022-07-19 02:47:36,-5.5569,-80.8222,62.98,83,81,13.6
28,Tambovka,RU,2022-07-19 02:47:37,50.0969,128.0489,80.73,55,85,3.15
29,Vaini,TO,2022-07-19 02:46:58,-21.2,-175.2,78.96,83,40,13.8
30,Kaitangata,NZ,2022-07-19 02:47:37,-46.2817,169.8464,45.16,86,100,8.03
31,Port Keats,AU,2022-07-19 02:47:38,-14.25,129.55,85.66,35,44,3.27
32,Pevek,RU,2022-07-19 02:47:38,69.7008,170.3133,33.91,92,97,5.75
33,Atuona,PF,2022-07-19 02:47:39,-9.8,-139.0333,77.05,74,68,18.81
34,Avarua,CK,2022-07-19 02:47:39,-21.2078,-159.775,77.05,65,40,8.05
35,Barrow,US,2022-07-19 02:46:58,71.2906,-156.7887,42.82,81,100,14.97
36,Kenitra,MA,2022-07-19 02:47:40,34.261,-6.5802,66.96,88,0,4.41
37,Kayes,ML,2022-07-19 02:47:40,14.0,-11.0,81.79,69,86,7.47
38,Busselton,AU,2022-07-19 02:47:41,-33.65,115.3333,58.32,70,0,9.48
39,Leningradskiy,RU,2022-07-19 02:47:41,69.3833,178.4167,34.48,99,100,15.48
40,Katsuura,JP,2022-07-19 02:44:15,35.1333,140.3,82.42,86,100,20.54
41,Castro,BR,2022-07-19 02:44:38,-24.7911,-50.0119,56.57,99,100,1.77
42,Krasnopillya,UA,2022-07-19 02:47:42,50.7746,35.2597,52.36,90,5,5.91
43,Hami,CN,2022-07-19 02:47:42,42.8,93.45,88.05,20,100,2.73
44,Ancud,CL,2022-07-19 02:47:43,-41.8697,-73.8203,41.23,83,26,10.36
45,Mormugao,IN,2022-07-19 02:47:43,15.4,73.8,76.26,94,75,5.75
46,Tazmalt,DZ,2022-07-19 02:47:44,36.3868,4.3989,81.01,36,0,3.36
47,Ostrovnoy,RU,2022-07-19 02:47:44,68.0531,39.5131,57.6,77,63,4.97
48,San Juan,AR,2022-07-19 02:48:44,-31.5375,-68.5364,45.03,52,0,2.57
49,Hobart,AU,2022-07-19 02:45:23,-42.8794,147.3294,49.26,72,75,6.91
50,Punta Arenas,CL,2022-07-19 02:48:16,-53.15,-70.9167,41.11,75,0,32.21
51,Isangel,VU,2022-07-19 02:48:45,-19.55,169.2667,80.71,78,75,2.3
52,Arlit,NE,2022-07-19 02:48:46,18.7369,7.3853,88.41,36,92,8.63
53,Geraldton,AU,2022-07-19 02:48:35,-28.7667,114.6,63.01,77,0,9.22
54,Bengkulu,ID,2022-07-19 02:45:37,-3.8004,102.2655,83.17,68,36,2.13
55,Nikolskoye,RU,2022-07-19 02:44:35,59.7035,30.7861,54.88,82,84,3.78
56,Narok,KE,2022-07-19 02:48:47,-1.0783,35.8601,51.46,95,79,5.5
57,Bonavista,CA,2022-07-19 02:48:47,48.6499,-53.1147,59.74,92,49,16.31
58,Hasaki,JP,2022-07-19 02:48:29,35.7333,140.8333,84.6,78,100,16.37
59,Mataura,NZ,2022-07-19 02:44:45,-46.1927,168.8643,45.48,89,100,4.16
60,Novoutkinsk,RU,2022-07-19 02:48:48,56.993,59.5571,67.59,78,92,8.5
61,Cartagena Del Chaira,CO,2022-07-19 02:48:49,1.3349,-74.8429,71.37,95,84,2.84
62,Belaya Gora,RU,2022-07-19 02:48:49,68.5333,146.4167,51.04,60,100,9.8
63,Ribeira Grande,PT,2022-07-19 02:48:29,38.5167,-28.7,71.94,91,20,0.63
64,Khatanga,RU,2022-07-19 02:48:50,71.9667,102.5,49.82,69,100,17.18
65,Monrovia,LR,2022-07-19 02:48:50,6.3005,-10.7969,76.03,78,100,13.58
66,Nome,US,2022-07-19 02:48:50,64.5011,-165.4064,39.27,93,100,21.85
67,Cherskiy,RU,2022-07-19 02:48:51,68.75,161.3,53.33,51,68,23.13
68,Pueblo Nuevo,MX,2022-07-19 02:45:17,23.3833,-105.3833,57.83,95,73,0.58
69,Ayan,RU,2022-07-19 02:48:51,56.45,138.1667,57.0,97,94,9.91
70,Los Llanos De Aridane,ES,2022-07-19 02:48:52,28.6585,-17.9182,67.75,87,100,16.11
71,West Plains,US,2022-07-19 02:48:53,36.7281,-91.8524,79.63,76,0,3.44
72,Sorong,ID,2022-07-19 02:48:00,-0.8833,131.25,81.48,75,80,2.33
73,Qaanaaq,GL,2022-07-19 02:48:21,77.484,-69.3632,42.42,69,16,2.21
74,Atbasar,KZ,2022-07-19 02:48:54,51.8,68.3333,71.11,43,0,3.33
75,Touros,BR,2022-07-19 02:48:54,-5.1989,-35.4608,74.93,89,89,12.03
76,Sitka,US,2022-07-19 02:48:54,57.0531,-135.33,55.29,88,100,4.61
77,La Libertad,EC,2022-07-19 02:45:27,-2.2333,-80.9,67.66,88,100,11.5
78,Cidreira,BR,2022-07-19 02:48:55,-30.1811,-50.2056,54.27,92,5,5.01
79,Usinsk,RU,2022-07-19 02:48:55,65.9939,57.5281,70.27,63,16,7.87
80,Tilichiki,RU,2022-07-19 02:46:42,60.4667,166.1,60.37,65,100,8.39
81,Spassk-Ryazanskiy,RU,2022-07-19 02:48:56,54.4072,40.3806,55.35,92,6,11.48
82,Ararangua,BR,2022-07-19 02:48:56,-28.9347,-49.4858,55.72,94,100,4.0
83,Aklavik,CA,2022-07-19 02:48:50,68.2191,-135.0107,57.72,94,100,1.34
84,Margate,GB,2022-07-19 02:48:57,51.3813,1.3862,73.69,71,0,9.66
85,Tshikapa,CD,2022-07-19 02:48:58,-6.4167,20.8,75.96,36,100,3.13
86,Yumen,CN,2022-07-19 02:48:58,40.2833,97.2,80.46,22,10,8.9
87,Guerrero Negro,MX,2022-07-19 02:48:58,27.9769,-114.0611,71.08,72,31,16.46
88,Harper,LR,2022-07-19 02:48:03,4.375,-7.7169,74.1,79,100,10.8
89,Poya,NC,2022-07-19 02:48:59,-21.35,165.15,76.33,79,98,10.16
90,Magistralnyy,RU,2022-07-19 02:48:59,56.1725,107.4458,76.78,47,80,6.06
91,Hithadhoo,MV,2022-07-19 02:48:23,-0.6,73.0833,82.51,75,99,9.31
92,Port Elizabeth,ZA,2022-07-19 02:50:00,-33.918,25.5701,59.31,96,75,5.01
93,Saskylakh,RU,2022-07-19 02:48:25,71.9167,114.0833,42.69,73,100,16.17
94,Upernavik,GL,2022-07-19 02:50:01,72.7868,-56.1549,43.57,78,100,6.26
95,Sunrise Manor,US,2022-07-19 02:50:01,36.2111,-115.0731,102.29,23,75,13.8
96,Russell,US,2022-07-19 02:45:31,32.3502,-85.1999,78.4,94,0,5.75
97,Albany,US,2022-07-19 02:48:24,42.6001,-73.9662,74.17,92,100,8.9
98,Flinders,AU,2022-07-19 02:50:03,-34.5833,150.8552,53.38,83,82,12.86
99,Sibolga,ID,2022-07-19 02:46:15,1.7427,98.7792,85.35,64,85,3.38
100,Garowe,SO,2022-07-19 02:50:03,8.4054,48.4845,71.58,67,66,26.89
101,Georgetown,MY,2022-07-19 02:45:10,5.4112,100.3354,82.89,87,20,5.01
102,Kawalu,ID,2022-07-19 02:50:04,-7.3817,108.2082,78.91,82,85,3.38
103,Bow Island,CA,2022-07-19 02:50:05,49.8668,-111.3684,60.01,94,95,14.97
104,Chuy,UY,2022-07-19 02:47:11,-33.6971,-53.4616,45.48,90,86,2.95
105,Tiksi,RU,2022-07-19 02:50:05,71.6872,128.8694,34.02,86,100,21.9
106,Zheleznodorozhnyy,RU,2022-07-19 02:50:06,55.7503,38.0042,54.95,80,70,8.7
107,Henties Bay,NA,2022-07-19 02:50:06,-22.116,14.2845,55.85,95,2,6.06
108,Tiznit,MA,2022-07-19 02:50:07,29.5833,-9.5,80.8,41,2,1.07
109,Nemuro,JP,2022-07-19 02:50:07,43.3236,145.575,61.68,97,100,6.35
110,Hilo,US,2022-07-19 02:50:08,19.7297,-155.09,82.27,94,75,5.75
111,Yellowknife,CA,2022-07-19 02:49:31,62.456,-114.3525,70.32,60,75,4.61
112,Constitucion,CL,2022-07-19 02:48:38,-35.3333,-72.4167,47.73,90,64,6.6
113,Perth,AU,2022-07-19 02:50:09,-31.9333,115.8333,62.19,76,20,14.97
114,Vila Velha,BR,2022-07-19 02:46:59,-20.3297,-40.2925,67.95,91,40,1.14
115,Habiganj,BD,2022-07-19 02:50:10,24.3833,91.4167,82.04,85,100,9.04
116,Baghmara,IN,2022-07-19 02:50:11,23.795,86.2085,85.14,66,99,9.1
117,Fortuna,US,2022-07-19 02:50:11,40.5982,-124.1573,63.91,76,5,3.0
118,Kahului,US,2022-07-19 02:45:35,20.8947,-156.47,82.42,61,20,26.46
119,Mpongwe,ZM,2022-07-19 02:50:12,-13.5091,28.155,49.41,86,0,4.88
120,Kieta,PG,2022-07-19 02:50:12,-6.2167,155.6333,84.42,68,96,5.88
121,Bilma,NE,2022-07-19 02:50:12,18.6853,12.9164,86.0,42,21,6.98
122,Naze,JP,2022-07-19 02:50:13,28.3667,129.4833,85.12,79,100,16.75
123,Mahon,ES,2022-07-19 02:50:13,39.8885,4.2658,77.56,88,20,3.44
124,Thompson,CA,2022-07-19 02:45:31,55.7435,-97.8558,73.56,56,40,4.61
125,Mobaye,CF,2022-07-19 02:50:14,4.319,21.1786,69.64,98,100,3.96
126,Kapaa,US,2022-07-19 02:47:00,22.0752,-159.319,87.78,74,40,16.11
127,Zhezkazgan,KZ,2022-07-19 02:50:14,47.8043,67.7144,75.18,50,0,13.42
128,Preobrazheniye,RU,2022-07-19 02:50:15,42.9019,133.9064,70.74,77,48,5.73
129,Mukhen,RU,2022-07-19 02:50:15,48.1,136.1,65.41,80,91,5.44
130,Havoysund,NO,2022-07-19 02:50:16,70.9963,24.6622,52.03,95,98,5.75
131,Balkanabat,TM,2022-07-19 02:50:17,39.5108,54.3671,93.09,23,0,10.4
132,Tumpat,MY,2022-07-19 02:50:17,6.1978,102.171,80.58,88,20,4.61
133,Portland,US,2022-07-19 02:48:04,45.5234,-122.6762,78.84,53,0,11.5
134,Ha Tinh,VN,2022-07-19 02:50:18,18.3333,105.9,92.41,58,90,2.48
135,Cayenne,GF,2022-07-19 02:50:18,4.9333,-52.3333,76.08,1,99,1.14
136,Zyryanka,RU,2022-07-19 02:50:19,65.75,150.85,56.53,92,100,7.94
137,Ust-Nera,RU,2022-07-19 02:50:19,64.5667,143.2,82.49,45,100,8.34
138,Maxixe,MZ,2022-07-19 02:51:20,-23.8597,35.3472,66.81,91,10,2.84
139,Ambanja,MG,2022-07-19 02:51:20,-13.6833,48.45,62.02,62,5,4.54
140,Vernon,CA,2022-07-19 02:51:21,50.2581,-119.2691,81.93,32,38,3.44
141,Port Pirie,AU,2022-07-19 02:51:22,-33.1833,138.0167,57.58,38,14,7.4
142,Alofi,NU,2022-07-19 02:51:22,-19.0595,-169.9187,78.69,73,75,19.57
143,Roma,US,2022-07-19 02:46:47,43.2128,-75.4557,71.08,94,100,10.36
144,Camacha,PT,2022-07-19 02:51:23,33.0833,-16.3333,65.62,77,40,9.22
145,Tasiilaq,GL,2022-07-19 02:51:23,65.6145,-37.6368,33.04,87,10,1.54
146,Miri,MY,2022-07-19 02:51:24,4.4148,114.0089,86.14,84,40,3.44
147,Dong Hoi,VN,2022-07-19 02:51:24,17.4833,106.6,90.77,61,100,7.7
148,Codrington,AU,2022-07-19 02:51:25,-38.2667,141.9667,51.94,57,10,9.19
149,Gambela,ET,2022-07-19 02:51:25,8.25,34.5833,69.35,94,99,2.08
150,Prescott,US,2022-07-19 02:51:26,34.54,-112.4685,86.36,40,0,12.66
151,Dunedin,NZ,2022-07-19 02:51:26,-45.8742,170.5036,46.42,86,100,2.98
152,Airai,TL,2022-07-19 02:51:27,-8.9266,125.4092,69.76,39,61,3.06
153,Ilulissat,GL,2022-07-19 02:51:27,69.2167,-51.1,40.64,83,44,3.71
154,Agadez,NE,2022-07-19 02:51:27,19.75,10.25,86.04,32,62,6.17
155,Tuatapere,NZ,2022-07-19 02:51:28,-46.1333,167.6833,45.86,85,100,7.67
156,Isilkul,RU,2022-07-19 02:51:28,54.9109,71.2728,69.17,55,1,8.72
157,Shimoda,JP,2022-07-19 02:49:28,34.6667,138.95,80.96,92,100,16.46
158,Bubaque,GW,2022-07-19 02:51:29,11.2833,-15.8333,79.03,85,100,12.06
159,Palmer,US,2022-07-19 02:51:29,42.1584,-72.3287,75.61,86,75,14.97
160,Port Alfred,ZA,2022-07-19 02:51:30,-33.5906,26.891,62.46,59,23,4.83
161,Paamiut,GL,2022-07-19 02:51:30,61.994,-49.6678,44.42,79,100,6.42
162,Bredasdorp,ZA,2022-07-19 02:47:05,-34.5322,20.0403,53.73,86,98,2.75
163,Meulaboh,ID,2022-07-19 02:51:31,4.1363,96.1285,81.97,69,85,2.24
164,Karratha,AU,2022-07-19 02:51:31,-20.7377,116.8463,77.5,35,5,10.71
165,Lavrentiya,RU,2022-07-19 02:51:31,65.5833,-171.0,37.54,90,99,21.14
166,Floro,NO,2022-07-19 02:51:32,61.5996,5.0328,53.56,87,75,10.36
167,Kidal,ML,2022-07-19 02:51:32,18.4411,1.4078,87.6,39,100,3.24
168,San Carlos De Bariloche,AR,2022-07-19 02:46:42,-41.1456,-71.3082,24.55,74,0,5.75
169,Kodiak,US,2022-07-19 02:51:20,57.79,-152.4072,60.31,63,0,5.75
170,Honiara,SB,2022-07-19 02:51:18,-9.4333,159.95,84.72,68,35,6.46
171,Lompoc,US,2022-07-19 02:51:33,34.6391,-120.4579,84.78,69,0,11.5
172,Grenada,ES,2022-07-19 02:50:46,37.1882,-3.6067,72.91,53,0,1.99
173,Ponorogo,ID,2022-07-19 02:51:34,-7.8685,111.462,83.79,65,34,5.55
174,Clarence Town,AU,2022-07-19 02:51:34,-32.5833,151.7833,57.85,91,100,4.05
175,Zeya,RU,2022-07-19 02:51:35,53.75,127.2667,76.62,69,100,1.03
176,Brae,GB,2022-07-19 02:51:35,60.3964,-1.353,56.14,94,100,10.71
177,Chara,RU,2022-07-19 02:51:35,56.9064,118.2631,64.62,73,96,4.05
178,Karaidel,RU,2022-07-19 02:51:36,55.8337,56.9069,68.43,78,97,9.35
179,Port-Gentil,GA,2022-07-19 02:51:36,-0.7193,8.7815,74.07,78,100,12.28
180,Klaksvik,FO,2022-07-19 02:51:37,62.2266,-6.589,52.72,92,93,16.2
181,Najran,SA,2022-07-19 02:51:37,17.4924,44.1277,81.25,31,100,2.35
182,Narsaq,GL,2022-07-19 02:51:37,60.9167,-46.05,47.21,74,19,1.25
183,Riyadh,SA,2022-07-19 02:47:26,24.6877,46.7219,87.94,14,82,7.36
184,Mutis,CO,2022-07-19 02:51:38,6.2262,-77.4044,78.26,88,77,3.98
185,Nehe,CN,2022-07-19 02:51:38,48.4833,124.8333,78.98,62,19,5.1
186,Dilla,ET,2022-07-19 02:51:39,6.41,38.31,58.44,84,98,3.6
187,Grand Baie,MU,2022-07-19 02:52:39,-20.0182,57.5802,68.47,65,45,10.0
188,Itarema,BR,2022-07-19 02:52:40,-2.9248,-39.9167,77.56,78,7,13.6
189,Ippy,CF,2022-07-19 02:52:40,6.2679,21.2247,67.73,98,95,2.73
190,Sioux Lookout,CA,2022-07-19 02:52:41,50.1001,-91.917,69.87,83,20,0.0
191,Turtas,RU,2022-07-19 02:52:41,58.9417,69.1325,68.85,55,7,3.47
192,Ponta Do Sol,PT,2022-07-19 02:52:41,32.6667,-17.1,70.43,80,0,6.6
193,Kurilsk,RU,2022-07-19 02:52:42,45.2333,147.8833,61.39,81,47,7.94
194,Buala,SB,2022-07-19 02:52:42,-8.145,159.5921,85.41,65,34,6.64
195,Lebu,CL,2022-07-19 02:52:43,-37.6167,-73.65,43.66,80,76,2.62
196,Boende,CD,2022-07-19 02:52:43,-0.2167,20.8667,69.76,98,100,1.99
197,Deputatskiy,RU,2022-07-19 02:52:43,69.3,139.9,40.24,88,100,5.21
198,Savonlinna,FI,2022-07-19 02:52:44,61.8699,28.88,50.05,100,0,2.3
199,Sukabumi,ID,2022-07-19 02:52:44,-6.9181,106.9267,83.53,66,10,1.48
200,Miranda,CO,2022-07-19 02:52:45,3.2499,-76.2281,71.65,74,91,5.59
201,Salinas,US,2022-07-19 02:49:50,36.6777,-121.6555,68.09,66,0,12.66
202,Libertador General San Martin,AR,2022-07-19 02:52:45,-23.8064,-64.7876,52.88,58,0,3.18
203,Santa Cruz,BO,2022-07-19 02:51:23,-17.8,-63.1667,65.66,88,84,2.3
204,Saint-Pierre,RE,2022-07-19 02:52:46,-21.3393,55.4781,68.92,66,0,12.66
205,Baie-Comeau,CA,2022-07-19 02:52:47,49.2168,-68.1489,58.68,88,0,5.75
206,Broome,US,2022-07-19 02:48:50,42.2506,-75.833,72.01,85,100,11.5
207,Tigzirt,DZ,2022-07-19 02:52:47,36.8886,4.1198,77.56,62,0,7.67
208,Le Moule,GP,2022-07-19 02:52:48,16.3332,-61.3473,78.19,100,74,1.99
209,Husavik,IS,2022-07-19 02:52:48,66.0449,-17.3389,50.9,80,97,4.34
210,Gorontalo,ID,2022-07-19 02:52:49,0.5412,123.0595,81.61,74,95,4.27
211,Anapolis,BR,2022-07-19 02:52:49,-16.3267,-48.9528,65.8,52,0,12.66
212,Itanagar,IN,2022-07-19 02:52:49,27.1,93.6167,77.07,95,100,4.07
213,East London,ZA,2022-07-19 02:52:50,-33.0153,27.9116,67.86,37,3,11.07
214,Vardo,NO,2022-07-19 02:52:50,70.3705,31.1107,55.04,84,91,6.58
215,Asau,RO,2022-07-19 02:52:51,46.4333,26.4,59.95,74,3,4.21
216,Inhambane,MZ,2022-07-19 02:52:51,-23.865,35.3833,67.98,89,12,3.76
217,Huambo,AO,2022-07-19 02:52:51,-12.7761,15.7392,51.62,46,5,2.46
218,Krutinka,RU,2022-07-19 02:52:52,56.0055,71.5113,62.67,71,3,7.38
219,Tuktoyaktuk,CA,2022-07-19 02:52:53,69.4541,-133.0374,66.2,77,100,5.75
220,Daru,PG,2022-07-19 02:52:53,-9.0763,143.2092,78.35,89,70,15.99
221,Baghdad,IQ,2022-07-19 02:48:31,33.3406,44.4009,84.11,28,0,5.75
222,Gushikawa,JP,2022-07-19 02:52:53,26.3544,127.8686,87.8,82,75,10.36
223,Ulaanbaatar,MN,2022-07-19 02:49:57,47.9077,106.8832,77.13,23,40,24.61
224,Pangody,RU,2022-07-19 02:48:34,65.85,74.4859,66.2,48,27,9.73
225,Tabou,CI,2022-07-19 02:52:54,4.423,-7.3528,74.17,78,100,10.38
226,Mar Del Plata,AR,2022-07-19 02:52:55,-38.0023,-57.5575,42.87,85,0,8.01
227,Sao Joao Da Barra,BR,2022-07-19 02:52:55,-21.6403,-41.0511,70.45,88,31,8.95
228,Ahipara,NZ,2022-07-19 02:52:55,-35.1667,173.1667,63.05,81,89,8.55
229,College,US,2022-07-19 02:52:56,64.8569,-147.8028,64.38,64,75,8.05
230,Poum,NC,2022-07-19 02:52:56,-20.2333,164.0167,76.51,83,71,10.16
231,Pangnirtung,CA,2022-07-19 02:53:57,66.1451,-65.7125,46.38,80,100,2.39
232,Outlook,CA,2022-07-19 02:53:13,51.5001,-107.0513,65.23,83,100,5.14
233,Bundaberg,AU,2022-07-19 02:53:58,-24.85,152.35,73.22,56,10,4.0
234,Wanning,CN,2022-07-19 02:53:58,18.8003,110.3967,87.85,73,98,10.29
235,Tahta,EG,2022-07-19 02:53:59,26.7693,31.5021,81.86,29,2,6.29
236,Fairbanks,US,2022-07-19 02:50:02,64.8378,-147.7164,64.4,64,100,8.05
237,Souillac,MU,2022-07-19 02:53:59,-20.5167,57.5167,68.38,73,40,17.27
238,Salamanca,ES,2022-07-19 02:54:00,40.8333,-6.0,56.98,83,0,5.79
239,Timizart,DZ,2022-07-19 02:54:00,36.8,4.2667,76.28,44,0,5.19
240,San Andres,CO,2022-07-19 02:54:01,12.5847,-81.7006,82.42,83,40,14.97
241,Longyan,CN,2022-07-19 02:54:01,25.1072,117.0225,86.58,66,100,6.06
242,Yamandu,SL,2022-07-19 02:54:02,7.9362,-11.4928,71.65,98,100,4.36
243,Kavaratti,IN,2022-07-19 02:54:02,10.5669,72.642,80.78,80,100,22.41
244,Neepawa,CA,2022-07-19 02:50:17,50.2289,-99.4664,75.6,92,97,7.94
245,Avera,US,2022-07-19 02:54:03,33.194,-82.5271,82.45,65,98,7.81
246,Saint George,US,2022-07-19 02:51:57,37.1041,-113.5841,100.99,21,0,9.22
247,Kavieng,PG,2022-07-19 02:54:04,-2.5744,150.7967,83.23,73,100,11.05
248,Sabang,ID,2022-07-19 02:54:04,5.8933,95.3214,83.01,71,96,15.7
249,Bandarbeyla,SO,2022-07-19 02:54:05,9.4942,50.8122,77.5,63,89,28.95
250,Ferme-Neuve,CA,2022-07-19 02:54:05,46.7001,-75.4493,63.25,98,75,2.73
251,Rodrigues Alves,BR,2022-07-19 02:54:06,-7.738,-72.6509,71.56,99,99,1.68
252,Tura,IN,2022-07-19 02:54:06,25.5198,90.2201,79.79,85,100,7.23
253,Naryan-Mar,RU,2022-07-19 02:54:07,67.6713,53.087,66.61,68,95,10.33
254,Vallenar,CL,2022-07-19 02:54:07,-28.5708,-70.7581,61.02,37,0,1.23
255,Evensk,RU,2022-07-19 02:54:08,61.95,159.2333,51.67,94,100,8.37
256,Warrington,GB,2022-07-19 02:54:08,53.3925,-2.5802,78.33,57,20,6.91
257,San Patricio,US,2022-07-19 02:54:09,28.017,-97.5169,84.88,76,11,12.28
258,Fukue,JP,2022-07-19 02:54:09,32.6881,128.8419,82.76,78,75,8.05
259,Pryamitsyno,RU,2022-07-19 02:54:09,51.6561,35.9314,55.09,94,1,5.79
260,Eqbaliyeh,IR,2022-07-19 02:54:10,35.3022,51.5358,84.02,15,0,2.71
261,Rawson,AR,2022-07-19 02:50:52,-43.3002,-65.1023,42.13,48,0,12.97
262,San Lawrenz,MT,2022-07-19 02:54:10,36.0553,14.204,74.61,65,0,5.06
263,Santa Ines,BR,2022-07-19 02:54:11,-3.6667,-45.38,74.17,88,42,4.41
264,Encarnacion,PY,2022-07-19 02:54:11,-27.3333,-55.9,57.72,88,100,5.75
265,Oranjemund,NA,2022-07-19 02:54:11,-28.55,16.4333,53.65,95,8,5.08
266,Torez,UA,2022-07-19 02:54:12,48.0388,38.5969,56.79,72,0,5.17
267,Surgana,IN,2022-07-19 02:54:12,20.5667,73.6167,71.01,96,100,4.29
268,Saint Anthony,US,2022-07-19 02:54:13,45.0205,-93.218,85.93,65,0,12.66
269,Umm Lajj,SA,2022-07-19 02:54:13,25.0213,37.2685,83.44,58,5,6.49
270,Almonte,ES,2022-07-19 02:54:14,37.2647,-6.5167,73.27,53,0,8.05
271,Tornio,FI,2022-07-19 02:54:14,65.8481,24.1466,50.02,80,93,2.86
272,Chokurdakh,RU,2022-07-19 02:52:26,70.6333,147.9167,48.51,40,26,14.23
273,Salalah,OM,2022-07-19 02:55:15,17.0151,54.0924,76.35,95,100,10.13
274,Gold Coast,AU,2022-07-19 02:55:15,-28.0,153.4333,70.25,83,55,15.95
275,Sri Aman,MY,2022-07-19 02:55:16,1.2376,111.4621,86.09,70,20,1.14
276,Victoria,HK,2022-07-19 02:53:03,22.2855,114.1577,89.65,78,100,11.01
277,Tessalit,ML,2022-07-19 02:55:16,20.1986,1.0114,84.87,46,34,12.12
278,Haines Junction,CA,2022-07-19 02:50:53,60.7522,-137.5108,58.95,63,39,10.36
279,Saldanha,ZA,2022-07-19 02:55:17,-33.0117,17.9442,50.05,74,0,13.4
280,Aksarka,RU,2022-07-19 02:55:17,66.5606,67.7975,66.63,54,74,8.14
281,Gamba,GA,2022-07-19 02:55:17,-2.65,10.0,70.72,90,100,4.25
282,Rosario,AR,2022-07-19 02:55:18,-32.9468,-60.6393,50.83,55,0,6.91
283,Dibulla,CO,2022-07-19 02:55:18,11.2725,-73.3091,79.74,84,91,12.53
284,Umbertide,IT,2022-07-19 02:55:19,43.3055,12.3366,72.84,79,3,5.14
285,Torbay,CA,2022-07-19 02:55:19,47.6666,-52.7314,63.75,87,100,19.57
286,Segamat,MY,2022-07-19 02:55:20,2.5148,102.8158,89.28,57,62,4.56
287,Visby,SE,2022-07-19 02:55:20,57.6409,18.296,62.82,88,84,10.36
288,Pisco,PE,2022-07-19 02:55:21,-13.7,-76.2167,59.05,88,100,2.3
289,Kolondieba,ML,2022-07-19 02:55:21,11.0882,-6.8926,72.3,96,100,3.51
290,Lynn,US,2022-07-19 02:55:21,42.4668,-70.9495,76.93,81,100,7.0
291,Dingle,PH,2022-07-19 02:55:22,10.9995,122.6711,80.08,85,100,5.82
292,Houma,US,2022-07-19 02:55:22,29.5958,-90.7195,82.02,91,0,0.0
293,Awjilah,LY,2022-07-19 02:55:23,29.1081,21.2869,76.71,45,0,9.42
294,Katobu,ID,2022-07-19 02:55:23,-4.9408,122.5276,81.54,70,100,7.76
295,Banda Aceh,ID,2022-07-19 02:55:23,5.5577,95.3222,84.29,66,94,11.03
296,Zhumadian,CN,2022-07-19 02:55:24,32.9794,114.0294,89.46,54,97,2.55
297,Bambous Virieux,MU,2022-07-19 02:55:24,-20.3428,57.7575,69.22,73,40,17.27
298,North Bend,US,2022-07-19 02:51:34,43.4065,-124.2243,72.25,85,0,26.46
299,Rolla,US,2022-07-19 02:55:25,37.9514,-91.7713,76.01,79,47,5.97
300,Mana,GF,2022-07-19 02:55:25,5.6592,-53.7767,77.77,89,100,7.96
301,Provideniya,RU,2022-07-19 02:55:26,64.3833,-173.3,46.51,76,75,20.13
302,Verkhoyansk,RU,2022-07-19 02:55:26,67.5447,133.385,54.39,78,100,8.63
303,Cairns,AU,2022-07-19 02:55:26,-16.9167,145.7667,80.11,57,6,11.5
304,Mujiayingzi,CN,2022-07-19 02:55:27,42.1167,118.7833,78.69,43,25,7.76
305,Tautira,PF,2022-07-19 02:55:27,-17.7333,-149.15,76.3,71,16,3.06
306,Leshukonskoye,RU,2022-07-19 02:55:28,64.8989,45.7622,56.28,96,100,5.37
307,Pedernales,DO,2022-07-19 02:55:28,18.0384,-71.744,81.09,71,2,7.05
308,Emerald,AU,2022-07-19 02:55:28,-23.5333,148.1667,71.35,42,0,9.53
309,Bethel,US,2022-07-19 02:55:29,41.3712,-73.414,74.62,93,100,7.72
310,Bumba,CD,2022-07-19 02:55:29,2.1833,22.4667,70.21,98,100,2.39
311,Pacific Grove,US,2022-07-19 02:55:30,36.6177,-121.9166,63.88,86,46,4.0
312,Pizarro,CO,2022-07-19 02:52:32,4.9533,-77.366,78.19,85,97,6.06
313,Nantucket,US,2022-07-19 02:55:30,41.2835,-70.0995,75.99,94,100,16.11
314,Axim,GH,2022-07-19 02:55:31,4.8699,-2.2405,74.77,78,98,8.84
315,Beringovskiy,RU,2022-07-19 02:55:31,63.05,179.3167,56.1,50,39,20.09
316,Remigio,BR,2022-07-19 02:55:31,-6.9333,-35.7833,67.28,96,61,11.74
317,Berdigestyakh,RU,2022-07-19 02:55:32,62.0989,126.6992,84.51,43,7,3.27
318,Macheng,CN,2022-07-19 02:55:32,31.1783,115.0319,90.03,63,100,3.89
319,Saquarema,BR,2022-07-19 02:56:33,-22.92,-42.5103,66.88,91,100,7.49
320,Moba,CN,2022-07-19 02:56:33,33.2288,105.0179,66.27,68,100,5.61
321,Muros,ES,2022-07-19 02:56:34,42.7762,-9.0603,66.09,87,8,9.86
322,Atar,MR,2022-07-19 02:56:34,20.5169,-13.0499,90.5,38,7,6.96
323,Buchanan,LR,2022-07-19 02:56:34,5.8808,-10.0467,74.95,82,99,11.07
324,Tamandare,BR,2022-07-19 02:53:13,-8.7597,-35.1047,74.23,83,70,10.4
325,Kaduy,RU,2022-07-19 02:56:35,59.2,37.15,53.15,89,100,6.26
326,Woodward,US,2022-07-19 02:52:59,36.4337,-99.3904,90.63,30,0,6.91
327,Norman Wells,CA,2022-07-19 02:56:36,65.282,-126.8329,66.24,72,75,13.8
328,Manzhouli,CN,2022-07-19 02:56:37,49.6,117.4333,80.76,33,90,4.76
329,Kenai,US,2022-07-19 02:56:37,60.5544,-151.2583,65.03,79,100,16.44
330,Bridlington,GB,2022-07-19 02:56:38,54.0831,-0.1919,75.52,51,36,8.81
331,Carlyle,US,2022-07-19 02:55:11,38.6103,-89.3726,77.09,83,0,4.92
332,Lorengau,PG,2022-07-19 02:56:38,-2.0226,147.2712,81.97,74,100,3.44
333,Dongsheng,CN,2022-07-19 02:55:06,39.8161,109.9776,73.49,34,100,18.84
334,Sai Buri,TH,2022-07-19 02:56:39,6.7013,101.6168,83.97,67,99,6.91
335,Sjenica,RS,2022-07-19 02:56:39,43.2731,19.9994,48.13,53,0,1.39
336,Longyearbyen,SJ,2022-07-19 02:56:40,78.2186,15.6401,53.44,66,75,16.11
337,Puerto Parra,CO,2022-07-19 02:56:40,6.6515,-74.0573,76.95,80,100,0.76
338,Tokur,RU,2022-07-19 02:56:41,53.1333,132.9,52.09,98,100,4.61
339,Wichita Falls,US,2022-07-19 02:51:50,33.9137,-98.4934,99.25,30,0,9.22
340,Srinagar,IN,2022-07-19 02:56:41,34.0833,74.8167,73.53,76,98,0.98
341,Nelson Bay,AU,2022-07-19 02:56:42,-32.7167,152.15,57.99,97,99,5.99
342,Iraklia,GR,2022-07-19 02:56:42,41.184,23.2829,65.86,70,2,2.46
343,Ojinaga,MX,2022-07-19 02:56:43,29.5667,-104.4167,97.75,20,0,9.22
344,Rantepao,ID,2022-07-19 02:56:43,-2.9701,119.8978,79.09,62,94,3.47
345,Platanos,GR,2022-07-19 02:56:43,37.6667,21.6167,73.56,48,0,6.73
346,Deloraine,AU,2022-07-19 02:56:44,-41.5333,146.6667,49.15,77,5,3.0
347,Mitu,CO,2022-07-19 02:56:44,1.1983,-70.1733,71.28,99,90,0.2
348,Iwanai,JP,2022-07-19 02:56:45,42.9744,140.5089,77.72,80,60,0.38
349,Carutapera,BR,2022-07-19 02:56:45,-1.195,-46.02,74.1,94,42,5.86
350,Cockburn Town,TC,2022-07-19 02:56:45,21.4612,-71.1419,82.36,69,40,10.36
351,Dondo,MZ,2022-07-19 02:56:46,-19.6094,34.7431,67.51,96,0,1.66
352,Atambua,ID,2022-07-19 02:56:46,-9.1061,124.8925,79.61,44,81,1.77
353,Kudahuvadhoo,MV,2022-07-19 02:56:47,2.6708,72.8944,82.17,75,100,16.53
354,Sola,VU,2022-07-19 02:56:47,-13.8833,167.55,80.8,74,27,20.02
355,Fort Nelson,CA,2022-07-19 02:52:35,58.8053,-122.7002,65.79,72,75,3.44
356,Haapiti,PF,2022-07-19 02:56:48,-17.5667,-149.8667,80.33,69,8,3.8
357,Zhanaozen,KZ,2022-07-19 02:56:48,43.3,52.8,91.4,17,0,13.4
358,Dzitas,MX,2022-07-19 02:56:48,20.85,-88.5167,81.32,68,63,7.63
359,Nahuizalco,SV,2022-07-19 02:56:49,13.7775,-89.7367,71.15,94,99,4.9
360,Fallon,US,2022-07-19 02:56:49,39.4735,-118.7774,88.92,22,85,2.19
361,Northam,GB,2022-07-19 02:56:50,51.0333,-4.2167,69.26,48,34,13.51
362,Paris,FR,2022-07-19 02:55:41,48.8534,2.3488,80.38,44,0,5.75
363,Weston,US,2022-07-19 02:56:50,26.1004,-80.3998,85.01,78,79,3.0
364,Carballo,ES,2022-07-19 02:57:51,43.213,-8.691,65.91,89,42,7.7
365,Samarina,RU,2022-07-19 02:57:51,57.8878,27.8054,51.69,87,55,6.96
366,Nanortalik,GL,2022-07-19 02:57:52,60.1432,-45.2371,46.62,80,82,9.8
367,Grand-Lahou,CI,2022-07-19 02:57:52,5.1367,-5.0242,74.93,78,100,11.59
368,Mackenzie,CA,2022-07-19 02:57:52,55.2999,-123.1698,68.22,52,100,10.36
369,Gwadar,PK,2022-07-19 02:57:53,25.1216,62.3254,83.84,87,56,15.73
370,Amalapuram,IN,2022-07-19 02:57:39,16.5833,82.0167,84.92,72,95,4.7
371,Saint-Philippe,RE,2022-07-19 02:57:53,-21.3585,55.7679,67.59,74,65,18.1
372,Saharanpur,IN,2022-07-19 02:55:00,29.9667,77.55,92.28,52,71,6.69
373,Mayo,US,2022-07-19 02:57:54,38.8876,-76.5119,78.04,90,59,7.38
374,Taloda,IN,2022-07-19 02:57:54,21.5667,74.2167,74.55,92,94,17.09
375,Lincoln,US,2022-07-19 02:52:56,40.8,-96.667,79.86,81,0,1.99
376,Port Hedland,AU,2022-07-19 02:57:55,-20.3167,118.5667,78.85,38,5,5.75
377,Usvyaty,RU,2022-07-19 02:57:56,55.7456,30.7533,49.77,97,100,3.49
378,San Vicente De Canete,PE,2022-07-19 02:57:56,-13.0751,-76.3835,61.5,86,100,1.74
379,Umba,RU,2022-07-19 02:57:56,66.6871,34.3429,54.84,84,85,5.99
380,Fonte Boa,BR,2022-07-19 02:57:57,-2.4959,-66.2662,74.77,92,45,0.49
381,Mount Gambier,AU,2022-07-19 02:57:57,-37.8333,140.7667,52.32,54,42,6.42
382,Rocha,UY,2022-07-19 02:57:58,-34.4833,-54.3333,42.58,91,51,2.93
383,Sorland,NO,2022-07-19 02:57:58,67.667,12.6934,53.29,84,95,10.92
384,Hun,LY,2022-07-19 02:57:59,29.1268,15.9477,74.44,54,0,6.91
385,Faanui,PF,2022-07-19 02:57:59,-16.4833,-151.75,76.55,72,2,6.55
386,Finschhafen,PG,2022-07-19 02:58:00,-6.6024,147.8681,82.8,75,59,8.75
387,Port Macquarie,AU,2022-07-19 02:58:00,-31.4333,152.9167,60.89,67,14,12.77
388,Bulgan,MN,2022-07-19 02:58:00,48.8125,103.5347,69.58,54,85,1.95
389,Pinyug,RU,2022-07-19 02:58:01,60.251,47.7842,61.23,99,100,8.25
390,Vao,NC,2022-07-19 02:58:01,-22.6667,167.4833,73.35,83,94,13.31
391,Todos Santos,MX,2022-07-19 02:58:02,23.45,-110.2167,86.05,78,62,5.03
392,Tateyama,JP,2022-07-19 02:54:55,34.9833,139.8667,82.33,94,75,9.22
393,Verkhnyaya Inta,RU,2022-07-19 02:58:02,65.9811,60.3094,70.81,49,4,6.17
394,Fruitvale,US,2022-07-19 02:58:03,39.0817,-108.4968,88.93,29,36,1.01
395,Tupelo,US,2022-07-19 02:58:03,34.2576,-88.7034,82.69,78,40,5.75
396,Meridian,US,2022-07-19 02:55:36,43.6121,-116.3915,84.04,20,0,8.05
397,Shihezi,CN,2022-07-19 02:54:08,44.3,86.0333,83.17,25,98,8.39
398,Tezu,IN,2022-07-19 02:58:04,27.9167,96.1667,75.7,99,100,1.95
399,Acarau,BR,2022-07-19 02:56:47,-2.8856,-40.12,77.38,78,8,14.7
400,Abu Kamal,SY,2022-07-19 02:58:05,34.4506,40.9171,87.57,21,3,8.46
401,Solwezi,ZM,2022-07-19 02:58:05,-12.1688,26.3894,48.6,71,1,3.58
402,Chapleau,CA,2022-07-19 02:58:06,47.8405,-83.4034,64.98,90,27,7.4
403,Anloga,GH,2022-07-19 02:58:06,5.7947,0.8973,75.6,83,60,11.86
404,Samoded,RU,2022-07-19 02:58:07,63.6083,40.5111,58.64,72,100,4.83
405,Clyde River,CA,2022-07-19 02:56:17,70.4692,-68.5914,35.83,100,100,5.75
406,Mgandu,TZ,2022-07-19 02:58:07,-5.95,34.1333,53.06,82,65,6.33
407,Thinadhoo,MV,2022-07-19 02:58:08,0.5333,72.9333,83.23,73,76,10.4
408,Bulawayo,ZW,2022-07-19 02:54:10,-20.15,28.5833,53.33,72,100,10.09
409,Yulara,AU,2022-07-19 02:58:08,-25.2406,130.9889,69.58,18,0,7.7
410,Qorveh,IR,2022-07-19 02:58:08,35.1664,47.8045,71.51,17,0,6.73
411,Xining,CN,2022-07-19 02:58:09,36.6167,101.7667,62.76,59,15,4.88
412,Mount Isa,AU,2022-07-19 02:59:09,-20.7333,139.5,74.97,33,0,6.91
413,Alappuzha,IN,2022-07-19 02:59:10,9.49,76.3264,78.01,83,93,6.55
414,Corinto,GR,2022-07-19 02:59:10,37.9407,22.9573,77.9,56,0,7.54
415,Katangli,RU,2022-07-19 02:59:11,51.7102,143.2326,56.17,87,98,11.9
416,Parana,AR,2022-07-19 02:59:11,-31.732,-60.5238,53.55,76,5,5.06
417,La Romana,DO,2022-07-19 02:58:30,18.4273,-68.9728,79.16,89,20,6.91
418,Kiruna,SE,2022-07-19 02:59:12,67.8557,20.2251,47.32,93,100,9.22
419,Orlik,RU,2022-07-19 02:59:12,52.5178,99.825,51.62,95,100,5.44
420,Havre-Saint-Pierre,CA,2022-07-19 02:59:13,50.2334,-63.5986,55.76,94,0,4.61
421,Florianopolis,BR,2022-07-19 02:59:13,-27.6146,-48.5012,60.69,85,75,9.22
422,Te Anau,NZ,2022-07-19 02:59:13,-45.4167,167.7167,41.49,98,100,4.74
423,Sangar,RU,2022-07-19 02:59:14,63.9242,127.4739,80.1,54,46,9.31
424,Gao,ML,2022-07-19 02:59:14,16.6362,1.637,84.07,53,26,5.39
425,Bitung,ID,2022-07-19 02:59:15,1.4451,125.1824,86.85,70,97,13.8
426,Kismayo,SO,2022-07-19 02:59:15,-0.3582,42.5454,75.27,77,91,17.49
427,Babushkin,RU,2022-07-19 02:59:15,51.7122,105.8647,57.97,98,100,8.1
428,Dongkan,CN,2022-07-19 02:59:16,33.9997,119.8308,87.24,59,60,5.28
429,Tamadau Mare,RO,2022-07-19 02:59:16,44.4667,26.55,64.47,42,11,6.17
430,Baykit,RU,2022-07-19 02:59:17,61.67,96.37,58.14,94,100,3.24
431,Caravelas,BR,2022-07-19 02:59:17,-17.7125,-39.2481,70.14,88,30,5.46
432,Quatre Cocos,MU,2022-07-19 02:59:17,-20.2078,57.7625,69.1,75,78,22.68
433,Labuhan,ID,2022-07-19 02:59:18,-6.8844,112.2051,84.0,68,43,5.41
434,Saint-Georges,GD,2022-07-19 02:59:18,12.0564,-61.7485,79.66,80,7,14.94
435,Port-Cartier,CA,2022-07-19 02:59:19,50.0334,-66.8654,61.75,93,96,1.95
436,Manokwari,ID,2022-07-19 02:59:19,-0.8667,134.0833,83.05,69,94,4.12
437,Miles City,US,2022-07-19 02:56:37,46.4083,-105.8406,81.55,25,32,27.54
438,Tocopilla,CL,2022-07-19 02:57:36,-22.092,-70.1979,62.37,69,13,5.03
439,Batagay-Alyta,RU,2022-07-19 02:59:20,67.8006,130.4114,42.26,93,100,6.22
440,Ekhabi,RU,2022-07-19 02:59:20,53.5102,142.9671,53.65,98,100,14.5
441,Hervey Bay,AU,2022-07-19 02:59:21,-25.2986,152.8535,71.02,54,24,5.99
442,Cap Malheureux,MU,2022-07-19 02:59:21,-19.9842,57.6142,69.48,65,46,10.0
443,Copiapo,CL,2022-07-19 02:59:21,-27.3667,-70.3333,49.69,41,0,0.94
444,Rio Rancho,US,2022-07-19 02:59:22,35.2334,-106.6645,92.14,24,0,5.01
445,Pringsewu,ID,2022-07-19 02:59:22,-5.3582,104.9744,85.14,68,13,1.83
446,Springbok,ZA,2022-07-19 02:59:23,-29.6643,17.8865,44.82,86,14,2.04
447,Lafayette,US,2022-07-19 02:56:41,30.2335,-92.0668,84.04,83,100,1.99
448,Kiama,AU,2022-07-19 02:59:23,-34.6833,150.8667,55.0,86,93,5.01
449,Port Hawkesbury,CA,2022-07-19 02:59:24,45.6169,-61.3485,70.72,84,0,11.5
450,Fuling,CN,2022-07-19 02:59:24,29.7022,107.3919,76.3,97,99,2.3
451,Hirara,JP,2022-07-19 02:59:24,24.8,125.2833,89.87,70,75,20.71
452,Sao Miguel Do Araguaia,BR,2022-07-19 02:59:25,-13.275,-50.1628,69.62,36,0,5.7
453,Xintai,CN,2022-07-19 02:59:25,35.9006,117.7519,84.81,64,100,5.64
454,Puerto Madero,MX,2022-07-19 02:59:26,14.7208,-92.4215,82.63,76,28,5.82
455,Aksu,CN,2022-07-19 02:59:26,41.1231,80.2644,88.48,17,5,15.08
456,Udachnyy,RU,2022-07-19 02:59:26,66.4167,112.4,53.46,93,73,9.84
457,Paoua,CF,2022-07-19 02:59:27,7.2427,16.4406,66.87,97,100,2.77
458,Kloulklubed,PW,2022-07-19 02:59:27,7.0419,134.2556,77.5,70,86,2.39
459,Ust-Tsilma,RU,2022-07-19 02:59:28,65.441,52.1498,69.6,58,91,6.67
460,Marawi,PH,2022-07-19 02:59:28,7.9986,124.2928,72.72,89,100,2.1
461,Coahuayana,MX,2022-07-19 03:00:29,18.7333,-103.6833,79.07,83,100,1.41
462,Humaita,BR,2022-07-19 03:00:29,-7.5061,-63.0208,76.23,57,3,1.79
463,Shaunavon,CA,2022-07-19 03:00:30,49.6501,-108.4181,57.9,83,71,16.28
464,Praia,CV,2022-07-19 03:00:30,14.9215,-23.5087,74.84,86,92,8.59
465,Teya,RU,2022-07-19 03:00:31,60.3778,92.6267,55.98,95,100,2.19
466,Astorga,BR,2022-07-19 03:00:31,-23.2325,-51.6656,61.61,88,5,7.18
467,Khvoynaya,RU,2022-07-19 03:00:32,58.9,34.5333,50.09,93,28,5.53
468,Shalinskoye,RU,2022-07-19 03:00:32,55.7228,93.7594,54.09,87,89,12.77
469,Mineiros,BR,2022-07-19 03:00:33,-17.5694,-52.5511,65.35,37,53,4.45
470,Mazatlan,MX,2022-07-19 02:58:12,23.2167,-106.4167,87.03,75,64,14.79
471,Hohhot,CN,2022-07-19 03:00:34,40.8106,111.6522,83.44,22,100,4.07
472,Muli,MV,2022-07-19 03:00:34,2.9167,73.5667,81.93,77,100,17.92
473,Namibe,AO,2022-07-19 03:00:34,-15.1961,12.1522,64.27,84,0,3.98
474,Hrubieszow,PL,2022-07-19 03:00:35,50.805,23.8925,58.39,78,87,6.31
475,Kautokeino,NO,2022-07-19 03:00:35,69.0125,23.0412,48.29,86,99,4.09
476,Cuamba,MZ,2022-07-19 03:00:36,-14.8031,36.5372,58.73,91,0,1.74
477,Sisimiut,GL,2022-07-19 03:00:36,66.9395,-53.6735,44.44,93,100,3.11
478,Hofn,IS,2022-07-19 03:00:37,64.2539,-15.2082,50.29,85,100,10.71
479,Coro,VE,2022-07-19 03:00:37,11.4045,-69.6734,77.88,87,27,15.28
480,Malanje,AO,2022-07-19 03:00:38,-9.5402,16.341,59.59,89,3,3.87
481,Quartucciu,IT,2022-07-19 03:00:38,39.2519,9.1794,77.0,72,0,3.44
482,Dovers,VC,2022-07-19 03:00:39,12.8833,-61.1833,80.69,80,100,18.54
483,Puerto Leguizamo,CO,2022-07-19 03:00:39,-0.1934,-74.7819,70.72,98,63,1.66
484,Cusset,FR,2022-07-19 03:00:40,46.13,3.4596,70.14,54,0,3.65
485,Tupik,RU,2022-07-19 03:00:40,54.4253,119.9327,72.84,58,1,6.26
486,Dzaoudzi,YT,2022-07-19 03:00:41,-12.7887,45.2699,76.89,65,0,21.85
487,Hobyo,SO,2022-07-19 03:00:41,5.3505,48.5268,74.64,83,100,23.91
488,Saint-Augustin,CA,2022-07-19 03:00:42,51.226,-58.6502,62.22,68,33,5.55
489,Hamilton,US,2022-07-19 03:00:20,39.1834,-84.5333,74.75,90,2,0.96
490,Bol,TD,2022-07-19 03:00:42,13.4586,14.7147,79.61,79,9,13.13
491,Lagoa,PT,2022-07-19 03:00:43,39.05,-27.9833,68.85,88,100,11.03
492,Autazes,BR,2022-07-19 03:00:02,-3.5797,-59.1306,78.55,67,57,0.74
493,Kuliyapitiya,LK,2022-07-19 03:00:43,7.4688,80.0401,82.08,74,73,4.38
494,Taltal,CL,2022-07-19 03:00:44,-25.4,-70.4833,57.52,74,27,3.06
495,Talara,PE,2022-07-19 03:00:44,-4.5772,-81.2719,62.44,90,76,17.09
496,Leh,IN,2022-07-19 03:00:45,34.1667,77.5833,68.04,30,7,3.78
497,Kafanchan,NG,2022-07-19 03:00:45,9.5833,8.3,65.35,96,80,1.21
498,Talnakh,RU,2022-07-19 03:00:46,69.4865,88.3972,63.21,39,76,7.29
499,Julio De Castilhos,BR,2022-07-19 03:00:46,-29.2269,-53.6817,50.52,83,100,6.44
500,Murakami,JP,2022-07-19 03:00:47,38.2333,139.4833,75.09,89,100,3.89
501,Tamiahua,MX,2022-07-19 03:00:47,21.2667,-97.45,80.51,83,97,7.05
502,Gull Lake,CA,2022-07-19 03:00:28,50.1001,-108.4847,61.68,87,86,6.82
503,Asyut,EG,2022-07-19 03:00:48,27.181,31.1837,81.18,35,2,4.74
504,Gibsons,CA,2022-07-19 02:57:38,49.3997,-123.5027,69.13,82,55,1.21
505,Kalmunai,LK,2022-07-19 03:00:49,7.4167,81.8167,85.46,66,65,9.64
506,Khorixas,NA,2022-07-19 03:00:49,-20.3667,14.9667,58.23,29,0,6.26
507,Fomboni,KM,2022-07-19 03:00:50,-12.28,43.7425,76.53,66,59,24.34
508,Den Helder,NL,2022-07-19 03:01:50,52.9599,4.7593,68.99,74,74,4.0
509,Sabinas Hidalgo,MX,2022-07-19 03:01:51,26.5,-100.1667,87.33,41,6,14.14
510,Biak,ID,2022-07-19 03:01:51,-0.9131,122.8766,77.56,80,98,5.88
511,Morant Bay,JM,2022-07-19 03:01:52,17.8815,-76.4093,81.72,85,47,9.64
512,Akdepe,TM,2022-07-19 03:01:52,42.0551,59.3788,91.24,23,0,12.19
513,High Rock,BS,2022-07-19 03:01:52,26.6208,-78.2833,83.34,74,0,11.95
514,Lata,PT,2022-07-19 03:01:53,40.1629,-8.3327,59.94,95,51,0.67
515,Tadine,NC,2022-07-19 03:01:53,-21.55,167.8833,77.43,79,68,10.96
516,Visselhovede,DE,2022-07-19 03:01:54,52.9833,9.6,60.69,66,14,3.09
517,Las Guacamayas,MX,2022-07-19 02:59:36,18.0167,-102.2167,80.01,80,100,1.32
518,Berlevag,NO,2022-07-19 03:01:54,70.8578,29.0864,58.8,81,80,5.91
519,Gat,IL,2022-07-19 03:00:03,31.61,34.7642,77.4,100,0,1.12
520,Atoyatempan,MX,2022-07-19 03:01:55,18.8167,-97.9167,60.51,76,58,4.97
521,Suraabad,AZ,2022-07-19 03:01:55,40.8192,49.4687,82.02,61,0,23.89
522,Nefteyugansk,RU,2022-07-19 03:01:56,61.0998,72.6035,67.82,56,16,7.67
523,Invermere,CA,2022-07-19 03:01:56,50.5167,-116.0354,68.36,52,41,3.98
524,Rovaniemi,FI,2022-07-19 03:01:53,66.5,25.7167,53.01,93,75,4.61
525,Kailua,US,2022-07-19 03:01:57,21.4022,-157.7394,80.49,75,61,5.99
526,Gainesville,US,2022-07-19 02:57:52,29.6516,-82.3248,79.09,86,1,5.14
527,Menongue,AO,2022-07-19 03:01:58,-14.6585,17.691,44.1,60,0,4.79
528,Port Moresby,PG,2022-07-19 03:01:58,-9.4431,147.1797,80.92,82,62,11.43
529,Santiago,CL,2022-07-19 02:58:31,-33.4569,-70.6483,58.98,50,3,3.44
530,Ankazoabo,MG,2022-07-19 03:01:59,-22.2833,44.5167,60.69,78,0,7.29
531,Lamu,KE,2022-07-19 03:01:59,-2.2717,40.902,75.42,77,90,16.42
532,Wangqing,CN,2022-07-19 03:01:59,43.3218,129.7634,70.02,84,100,0.43
533,Goure,NE,2022-07-19 03:02:00,13.9835,10.2704,76.01,70,36,13.06
534,Filingue,NE,2022-07-19 03:02:00,14.3521,3.3168,77.77,81,46,13.49
535,Mnogovershinnyy,RU,2022-07-19 03:02:01,53.9353,139.9242,53.62,95,100,6.51
536,Khuzhir,RU,2022-07-19 03:02:01,53.1939,107.3397,55.92,81,100,6.64
537,Fershampenuaz,RU,2022-07-19 03:02:02,53.5202,59.8117,67.37,86,94,9.93
538,Elko,US,2022-07-19 03:00:29,41.0002,-115.5012,78.22,42,84,13.0
539,Vila Franca Do Campo,PT,2022-07-19 03:02:02,37.7167,-25.4333,75.2,95,60,2.3
540,Mumbwa,ZM,2022-07-19 03:02:03,-14.9783,27.0619,50.18,80,1,4.16
541,Gazanjyk,TM,2022-07-19 03:02:03,39.2446,55.5154,89.71,20,0,3.96
542,Jiaojiang,CN,2022-07-19 03:02:03,28.6803,121.4428,96.01,72,100,8.3
543,Mont-Dore,NC,2022-07-19 03:02:04,-22.2833,166.5833,73.99,99,99,10.8
544,Ponta Delgada,PT,2022-07-19 03:00:28,37.7333,-25.6667,72.32,83,75,6.91
545,Gweta,BW,2022-07-19 03:02:04,-20.1833,25.2333,51.22,68,0,6.06
546,Tarancon,ES,2022-07-19 03:02:05,40.0085,-3.0073,73.27,38,1,5.1
547,Sibu,MY,2022-07-19 03:02:05,2.3,111.8167,90.9,51,76,2.3
548,Poso,ID,2022-07-19 03:02:06,-1.3959,120.7524,85.89,56,90,0.69
549,Port Blair,IN,2022-07-19 03:02:06,11.6667,92.75,86.04,79,40,9.22
550,Chateaubelair,VC,2022-07-19 03:02:07,13.2833,-61.25,78.85,79,90,12.86
551,Kandrian,PG,2022-07-19 03:02:07,-6.2167,149.55,86.65,64,69,8.39
552,Ereymentau,KZ,2022-07-19 03:02:07,51.6199,73.1033,70.14,44,2,6.76
553,Ocean City,US,2022-07-19 03:00:29,39.2776,-74.5746,78.03,89,83,3.0
554,Ulkan,RU,2022-07-19 03:03:08,57.243,107.3223,73.33,56,86,7.38
555,Resavica,RS,2022-07-19 03:03:08,44.0408,21.5816,57.24,53,6,2.59
556,Tomigusuku,JP,2022-07-19 03:03:09,26.185,127.675,89.73,89,75,11.5
557,Kamaishi,JP,2022-07-19 03:03:09,39.2667,141.8833,77.65,76,100,2.44
558,Santa Ana,US,2022-07-19 03:01:37,33.7456,-117.8678,87.94,69,40,8.05
559,North Platte,US,2022-07-19 03:00:05,41.1239,-100.7654,85.32,55,85,6.71
560,Campbell River,CA,2022-07-19 03:03:10,50.0163,-125.2446,66.45,74,10,2.68
561,Sao Filipe,CV,2022-07-19 03:03:11,14.8961,-24.4956,75.22,82,95,8.28
562,Coquimbo,CL,2022-07-19 03:03:11,-29.9533,-71.3436,51.53,93,0,4.61
563,Half Moon Bay,US,2022-07-19 03:03:12,37.4636,-122.4286,77.45,77,0,16.11
564,Mwinilunga,ZM,2022-07-19 03:03:12,-11.7358,24.4293,49.77,70,5,2.95
565,Grindavik,IS,2022-07-19 03:03:12,63.8424,-22.4338,50.47,100,100,6.91
566,Isla Vista,US,2022-07-19 03:03:13,34.4133,-119.861,89.38,76,0,4.61
567,Samana,DO,2022-07-19 03:03:13,19.2056,-69.3369,78.4,87,11,8.19
568,Huron,US,2022-07-19 03:03:14,41.1501,-82.5499,75.72,87,0,7.36
569,Honolulu,US,2022-07-19 03:02:53,21.3069,-157.8583,80.42,73,75,20.71
570,Mongu,ZM,2022-07-19 03:03:14,-15.2484,23.1274,46.63,76,0,5.37
571,Iqaluit,CA,2022-07-19 03:03:15,63.7506,-68.5145,46.51,68,90,8.99
572,Santiago De Cuba,CU,2022-07-19 03:03:15,20.0247,-75.8219,82.51,69,20,8.05
573,Mangan,IN,2022-07-19 03:03:15,27.5167,88.5333,79.74,90,100,1.92
574,Songjianghe,CN,2022-07-19 03:03:16,42.1859,127.479,72.14,72,11,4.7
575,Sistranda,NO,2022-07-19 03:03:16,63.7256,8.834,51.76,86,95,15.1
